Parameter,Lewis_2001
v0,0.0639023266492908
kappa,1.585814808285047
theta,0.05811037873448649
sigma,0.4227680610279754
rho,-0.6092766431512293
lambda_j,0.2059942076998208
mu_j,-0.04894981622097791
sigma_j,0.10717318382924942
Feller_Ratio,1.0311737054079548
RMSE,202.84071653151094
