Parameter,Value
kappa,1.001470422688166
theta,0.05894792998888793
sigma,0.09997814065448364
r0,0.00648
Feller_Ratio,11.812085078954116
RMSE,0.0008096181508939653
