Metric,Value_Percent
Current_Rate,2.556
Expected_Rate_1Y,3.9614505084884755
Std_Dev,1.1527956339325776
CI_95_Lower,2.0353464877065908
CI_95_Upper,6.5290923667289045
