Parameter,Lewis_2001,Carr_Madan_1999
v0,0.052535693579375105,0.052535693579375105
kappa,1.5,1.5
theta,0.052535693579375105,0.052535693579375105
sigma,0.4,0.4
rho,-0.7,-0.7
Feller_Ratio,0.9850442539976304,0.9850442539976304
RMSE,11.404381234714474,11.404381234714474
